ECTRL ID,ADEP,ADES,AC Operator,cluster_kmeans,actual_total_dist_nm,planned_dist_nm,delta_dist_nm_self,delta_duration_h_self,delta_fuel_kg_self
265035743,LTFM,EBBR,THY,3,1189.7,4195.0,-3005.3,-6.5789,-40789.1
265446645,LTFM,EBBR,THY,1,1213.5,1228.8,-15.3,0.1184,331.4
265122474,LTFM,EBBR,THY,1,1186.6,1198.3,-11.7,-0.0167,-40.0
265594025,LTFM,EBBR,THY,2,1173.7,1178.8,-5.1,0.0167,46.7
265606464,LTFM,EBBR,THY,2,1173.7,1178.8,-5.1,0.0667,186.7
265712485,LTFM,EBBR,THY,1,1170.6,1175.2,-4.6,-0.02,-56.0
265821702,LTFM,EBBR,THY,1,1171.1,1175.2,-4.1,0.0333,83.3
265681125,LTFM,EBBR,THY,1,1173.3,1177.3,-4.0,0.0375,93.8
265197267,LTFM,EBBR,THY,1,1173.0,1176.9,-3.9,-0.0167,-35.0
265429058,LTFM,EBBR,THY,2,1176.3,1178.8,-2.5,0.0316,88.6
265305458,LTFM,EBBR,THY,0,1176.5,1178.8,-2.3,-0.05,-300.0
265236980,LTFM,EBBR,THY,2,1176.7,1178.8,-2.1,-0.0675,-168.8
265198726,LTFM,EBBR,THY,1,1166.4,1168.4,-2.0,0.0,0.0
265732482,LTFM,EBBR,THY,1,1166.5,1168.4,-1.9,0.0834,200.0
265329089,LTFM,EBBR,THY,1,1166.7,1168.4,-1.7,-0.0147,-41.2
265463309,LTFM,EBBR,THY,2,1177.3,1178.8,-1.5,0.0666,166.6
265302411,LTFM,EBBR,THY,3,1168.5,1169.8,-1.3,-0.0167,-41.7
265017040,LTFM,EBBR,THY,1,1167.2,1168.4,-1.2,0.0667,160.0
265192158,LTFM,EBBR,THY,1,1167.2,1168.4,-1.2,0.0372,104.2
265700261,LTFM,EBBR,THY,1,1167.2,1168.4,-1.2,0.13,312.0
265796311,LTFM,EBBR,THY,1,1181.8,1183.0,-1.2,0.0333,83.3
265049424,LTFM,EBBR,THY,1,1167.3,1168.4,-1.1,0.0167,40.0
265456792,LTFM,EBBR,THY,1,1167.4,1168.4,-1.0,0.0847,211.8
265616949,LTFM,EBBR,THY,1,1167.4,1168.4,-1.0,0.0166,41.6
265762233,LTFM,EBBR,THY,1,1167.4,1168.4,-1.0,0.0833,200.0
265828742,LTFM,EBBR,THY,1,1168.8,1169.8,-1.0,0.0666,160.0
265476433,LTFM,EBBR,THY,1,1167.5,1168.4,-0.9,0.1167,280.0
265648281,LTFM,EBBR,THY,1,1167.5,1168.4,-0.9,0.05,140.0
265784629,LTFM,EBBR,THY,1,1167.5,1168.4,-0.9,0.1334,320.0
265101327,LTFM,EBBR,THY,1,1167.6,1168.4,-0.8,-0.0167,-46.7
265157245,LTFM,EBBR,THY,1,1167.6,1168.4,-0.8,0.05,140.0
265392917,LTFM,EBBR,THY,1,1183.2,1183.9,-0.7,0.0923,553.3
265072649,LTFM,EBBR,THY,1,1167.8,1168.4,-0.6,0.052,124.7
265654892,LTFM,EBBR,THY,3,1169.2,1169.8,-0.6,0.05,140.0
265694148,LTFM,EBBR,THY,0,1169.5,1169.8,-0.3,-0.0325,-201.5
265157804,LTFM,EBBR,THY,1,1168.2,1168.4,-0.2,0.0167,40.0
265495370,LTFM,EBBR,THY,3,1169.6,1169.8,-0.2,0.1416,396.6
265756716,LTFM,EBBR,THY,0,1169.6,1169.8,-0.2,0.0,0.0
265407465,LTFM,EBBR,THY,2,1172.2,1172.3,-0.1,0.0167,41.7
264893235,LTFM,EBBR,THY,1,1168.4,1168.4,0.0,0.0667,166.7
265346816,LTFM,EBBR,THY,3,1169.8,1169.8,0.0,0.05,140.0
265569888,LTFM,EBBR,THY,3,1169.8,1169.8,0.0,0.0736,206.1
265554556,LTFM,EBBR,THY,1,1177.4,1177.3,0.1,0.083,232.5
265161612,LTFM,EBBR,THY,0,1170.0,1169.8,0.2,-0.0667,-413.3
265503156,LTFM,EBBR,THY,3,1170.0,1169.8,0.2,0.0289,72.2
264871595,LTFM,EBBR,THY,1,1168.7,1168.4,0.3,0.0666,186.6
265389880,LTFM,EBBR,THY,1,1168.7,1168.4,0.3,0.1833,513.3
265521563,LTFM,EBBR,THY,1,1168.8,1168.4,0.4,0.0223,62.3
265116385,LTFM,EBBR,THY,1,1177.4,1176.9,0.5,0.0786,220.1
265414166,LTFM,EBBR,THY,1,1168.9,1168.4,0.5,0.0333,93.3
265295904,LTFM,EBBR,THY,1,1169.0,1168.4,0.6,0.0833,233.3
265688339,LTFM,EBBR,THY,3,1170.5,1169.8,0.7,0.0511,127.8
265832388,LTFM,EBBR,THY,1,1169.1,1168.4,0.7,0.0833,233.3
265601274,LTFM,EBBR,THY,2,1185.2,1184.4,0.8,0.0333,83.3
265780637,LTFM,EBBR,THY,1,1169.2,1168.4,0.8,0.0333,93.3
265719088,LTFM,EBBR,THY,3,1170.9,1169.8,1.1,0.0444,111.1
265202908,LTFM,EBBR,THY,2,1180.3,1178.8,1.5,-0.0548,-136.8
265508764,LTFM,EBBR,THY,3,1171.4,1169.8,1.6,0.1169,280.7
265629875,LTFM,EBBR,THY,0,1171.6,1169.8,1.8,-0.0834,-516.6
265662867,LTFM,EBBR,THY,3,1171.7,1169.8,1.9,0.0361,90.3
265528168,LTFM,EBBR,THY,3,1172.1,1169.8,2.3,0.0219,61.4
265668296,LTFM,EBBR,THY,1,1170.7,1168.4,2.3,0.0333,80.0
265262538,LTFM,EBBR,THY,1,1191.4,1189.0,2.4,0.0,0.0
264887281,LTFM,EBBR,THY,0,1175.1,1172.5,2.6,0.085,510.0
265161524,LTFM,EBBR,THY,3,1172.4,1169.8,2.6,0.0166,46.6
265316293,LTFM,EBBR,THY,1,1171.7,1168.4,3.3,0.0167,43.3
265622807,LTFM,EBBR,THY,2,1188.4,1184.4,4.0,0.0667,186.7
265727409,LTFM,EBBR,THY,3,1173.8,1169.8,4.0,-0.0289,-72.3
265749832,LTFM,EBBR,THY,1,1172.4,1168.4,4.0,0.05,140.0
265335947,LTFM,EBBR,THY,3,1174.0,1169.8,4.2,0.0006,1.4
265749864,LTFM,EBBR,THY,1,1179.7,1175.2,4.5,-0.0167,-41.7
264916522,LTFM,EBBR,THY,2,1183.4,1178.8,4.6,0.05,125.0
265530004,LTFM,EBBR,THY,1,1173.6,1168.4,5.2,-0.075,-450.0
264917073,LTFM,EBBR,THY,2,1184.9,1178.8,6.1,0.0333,93.3
265380794,LTFM,EBBR,THY,1,1174.8,1168.4,6.4,0.05,140.0
265430382,LTFM,EBBR,THY,2,1178.5,1172.0,6.5,0.1323,330.6
265230183,LTFM,EBBR,THY,2,1185.8,1178.8,7.0,0.0203,56.8
264879590,LTFM,EBBR,THY,2,1186.1,1178.8,7.3,0.0666,166.6
265786758,LTFM,EBBR,THY,3,1178.7,1171.3,7.4,0.0334,93.4
265561432,LTFM,EBBR,THY,2,1186.3,1178.8,7.5,0.1136,284.0
265061966,LTFM,EBBR,THY,1,1176.0,1168.4,7.6,0.1,280.0
264903469,LTFM,EBBR,THY,2,1180.5,1172.5,8.0,0.0833,233.3
265203484,LTFM,EBBR,THY,0,1180.0,1172.0,8.0,0.1167,700.0
265575289,LTFM,EBBR,THY,1,1185.3,1177.3,8.0,0.1667,400.0
265376624,LTFM,EBBR,THY,2,1187.1,1178.8,8.3,0.05,105.0
265814512,LTFM,EBBR,THY,2,1186.1,1177.7,8.4,0.1333,333.3
265535562,LTFM,EBBR,THY,0,1178.3,1169.8,8.5,0.0127,79.3
265542722,LTFM,EBBR,THY,1,1179.7,1171.1,8.6,0.1175,282.0
265311820,LTFM,EBBR,THY,0,1181.0,1172.0,9.0,-0.0,0.0
265470485,LTFM,EBBR,THY,0,1178.8,1169.8,9.0,0.0,0.0
264887994,LTFM,EBBR,THY,2,1188.0,1178.8,9.2,0.0439,109.7
264922333,LTFM,EBBR,THY,1,1178.7,1168.4,10.3,0.1,250.0
265421877,LTFM,EBBR,THY,1,1179.0,1168.4,10.6,0.1703,408.7
265587793,LTFM,EBBR,THY,2,1189.4,1178.8,10.6,0.0666,186.6
265389093,LTFM,EBBR,THY,0,1180.8,1169.8,11.0,0.0667,400.0
265488751,LTFM,EBBR,THY,1,1179.4,1168.4,11.0,0.1667,466.7
265181766,LTFM,EBBR,THY,2,1183.2,1172.1,11.1,0.0666,166.6
264947122,LTFM,EBBR,THY,1,1203.7,1189.0,14.7,0.15,375.0
265635998,LTFM,EBBR,THY,1,1204.6,1189.0,15.6,0.0666,186.6
265199003,LTFM,EBBR,THY,2,1194.8,1178.8,16.0,0.0667,166.7
265246542,LTFM,EBBR,THY,1,1194.5,1176.9,17.6,0.0666,400.0
265108308,LTFM,EBBR,THY,3,1187.9,1169.8,18.1,0.1333,333.3
264944102,LTFM,EBBR,THY,0,1188.1,1169.8,18.3,-0.0334,-200.0
265269417,LTFM,EBBR,THY,1,1197.7,1176.9,20.8,0.15,420.0
265066509,LTFM,EBBR,THY,1,1189.5,1168.4,21.1,0.15,420.0
265090703,LTFM,EBBR,THY,0,1191.9,1169.8,22.1,-0.0167,-100.0
265137369,LTFM,EBBR,THY,2,1202.2,1178.8,23.4,0.1334,333.4
264966655,LTFM,EBBR,THY,3,1193.6,1169.8,23.8,0.1833,458.3
265010386,LTFM,EBBR,THY,0,1193.6,1169.8,23.8,0.1245,771.5
265064196,LTFM,EBBR,THY,3,1193.6,1169.8,23.8,0.1648,411.8
264941721,LTFM,EBBR,THY,0,1193.7,1169.8,23.9,0.165,990.0
264941736,LTFM,EBBR,THY,3,1194.2,1169.8,24.4,0.1333,373.3
265043886,LTFM,EBBR,THY,3,1194.5,1169.8,24.7,0.1333,373.3
265080424,LTFM,EBBR,THY,0,1194.8,1169.8,25.0,-0.0167,-103.3
265039111,LTFM,EBBR,THY,3,1196.3,1169.8,26.5,0.2,500.0
265157349,LTFM,EBBR,THY,3,1196.8,1170.3,26.5,0.1666,416.6
265756038,LTFM,EBBR,THY,0,1197.4,1170.1,27.3,-0.05,-300.0
264967107,LTFM,EBBR,THY,3,1198.6,1169.8,28.8,0.15,375.0
264968032,LTFM,EBBR,THY,1,1201.6,1168.4,33.2,0.2167,520.0
265384358,LTFM,EBBR,THY,3,1205.8,1169.8,36.0,0.1334,373.4
265383689,LTFM,EBBR,THY,2,1217.4,1178.8,38.6,0.1458,364.5
264969676,LTFM,EBBR,THY,1,1207.9,1168.4,39.5,0.2,560.0
265282957,LTFM,EBBR,THY,1,1222.8,1177.3,45.5,0.2167,520.0
264999099,LTFM,EBBR,THY,3,1218.4,1169.8,48.6,0.2,500.0
265250140,LTFM,EBBR,THY,1,1227.1,1176.9,50.2,0.2317,556.0
264937223,LTFM,EBBR,THY,3,1221.0,1169.8,51.2,0.15,420.0
265350122,LTFM,EBBR,THY,1,1224.7,1168.4,56.3,0.1833,385.0
265005793,LTFM,EBBR,THY,3,1237.1,1169.8,67.3,0.2,500.0
265277254,LTFM,EBBR,THY,2,1248.6,1172.3,76.3,0.3333,933.3
265052664,LTFM,LMML,THY,0,1056.4,2918.8,-1862.4,-3.6666,-7700.0
265817266,LTFM,LMML,THY,0,784.9,827.9,-43.0,-0.1397,-335.3
265263350,LTFM,LMML,THY,0,769.3,803.2,-33.9,-0.1056,-274.4
265832098,LTFM,LMML,THY,0,769.4,803.2,-33.8,-0.0991,-238.0
265404675,LTFM,LMML,THY,0,771.8,803.3,-31.5,-0.0906,-235.4
265776074,LTFM,LMML,THY,0,773.0,803.3,-30.3,-0.0611,-146.7
265696886,LTFM,LMML,THY,0,863.4,893.4,-30.0,0.0375,90.0
265794800,LTFM,LMML,THY,0,775.1,803.2,-28.1,0.2217,620.7
265192896,LTFM,LMML,THY,0,776.0,803.2,-27.2,-0.0816,-212.4
265230732,LTFM,LMML,THY,0,777.2,803.2,-26.0,-0.0869,-226.1
265489347,LTFM,LMML,THY,0,778.3,803.2,-24.9,-0.0534,-138.6
265329683,LTFM,LMML,THY,0,778.5,803.2,-24.7,-0.08,-208.0
264991442,LTFM,LMML,THY,0,786.2,803.2,-17.0,0.2141,449.8
264890923,LTFM,LMML,THY,0,793.2,809.4,-16.2,0.1728,483.8
265046438,LTFM,LMML,THY,0,866.3,880.4,-14.1,-0.0059,-12.2
265588606,LTFM,LMML,THY,0,898.9,912.7,-13.8,-0.0406,-105.4
264926960,LTFM,LMML,THY,0,789.9,803.2,-13.3,-0.035,-91.0
265246630,LTFM,LMML,THY,0,790.2,803.2,-13.0,-0.0248,-59.3
265457384,LTFM,LMML,THY,0,796.6,809.4,-12.8,-0.0961,-249.9
265728992,LTFM,LMML,THY,0,790.7,803.2,-12.5,0.0264,63.3
265443408,LTFM,LMML,THY,0,792.0,803.2,-11.2,-0.0039,-8.2
265521804,LTFM,LMML,THY,0,792.1,803.2,-11.1,-0.0484,-125.6
265203473,LTFM,LMML,THY,0,792.8,803.2,-10.4,-0.0617,-129.5
265713090,LTFM,LMML,THY,0,793.8,803.2,-9.4,-0.0261,-67.9
265142505,LTFM,LMML,THY,0,794.5,803.2,-8.7,0.0008,2.0
265085070,LTFM,LMML,THY,0,795.2,803.2,-8.0,0.1675,469.0
264969869,LTFM,LMML,THY,0,796.5,803.2,-6.7,0.1348,350.2
265376627,LTFM,LMML,THY,0,797.0,803.2,-6.2,0.0653,156.7
265538152,LTFM,LMML,THY,0,797.5,803.2,-5.7,0.0519,135.1
265369493,LTFM,LMML,THY,0,798.6,803.3,-4.7,0.2291,572.9
265603167,LTFM,LMML,THY,0,799.8,803.3,-3.5,0.0464,129.9
265154176,LTFM,LMML,THY,0,799.9,803.2,-3.3,0.0055,14.5
265312578,LTFM,LMML,THY,0,802.1,803.2,-1.1,0.0559,134.0
265279297,LTFM,LMML,THY,0,802.7,803.2,-0.5,-0.0286,-71.5
264947632,LTFM,LMML,THY,0,803.2,803.2,0.0,-0.0403,-104.7
265555050,LTFM,LMML,THY,0,803.4,803.2,0.2,-0.0416,-108.4
265419875,LTFM,LMML,THY,0,804.0,803.2,0.8,-0.0128,-26.8
265505252,LTFM,LMML,THY,0,804.5,803.2,1.3,0.0194,46.7
265746355,LTFM,LMML,THY,0,804.5,803.2,1.3,0.1872,486.8
264939788,LTFM,LMML,THY,0,804.8,803.2,1.6,0.0091,19.2
265573648,LTFM,LMML,THY,0,806.3,803.2,3.1,-0.0448,-125.3
265632439,LTFM,LMML,THY,0,806.4,803.3,3.1,0.073,175.3
265178379,LTFM,LMML,THY,0,806.9,803.3,3.6,-0.0367,-77.0
265296285,LTFM,LMML,THY,0,807.0,803.2,3.8,-0.0228,-59.2
265347823,LTFM,LMML,THY,0,807.0,803.2,3.8,0.047,131.5
265011719,LTFM,LMML,THY,0,807.3,803.2,4.1,0.2069,496.7
265118525,LTFM,LMML,THY,0,807.4,803.2,4.2,0.0872,218.0
265441026,LTFM,LMML,THY,0,807.6,803.2,4.4,-0.0203,-52.7
265213403,LTFM,LMML,THY,0,808.6,803.2,5.4,-0.0059,-15.1
265617546,LTFM,LMML,THY,0,809.1,803.3,5.8,0.1972,512.8
265068945,LTFM,LMML,THY,0,810.4,803.2,7.2,0.1327,318.7
265472957,LTFM,LMML,THY,0,812.5,803.2,9.3,-0.0427,-111.3
265102185,LTFM,LMML,THY,0,812.9,803.2,9.7,0.0211,59.1
265762628,LTFM,LMML,THY,0,813.6,803.2,10.4,0.055,154.0
264908267,LTFM,LMML,THY,0,814.2,803.2,11.0,0.052,124.7
264872373,LTFM,LMML,THY,0,817.8,803.2,14.6,0.0797,191.3
265055097,LTFM,LMML,THY,0,830.0,803.2,26.8,0.1392,361.8
265664802,LTFM,LMML,THY,0,832.5,803.2,29.3,0.1306,313.3
264999502,LTFM,LMML,THY,0,922.4,880.4,42.0,0.1625,406.2
265681179,LTFM,LMML,THY,0,851.0,803.2,47.8,0.1556,404.4
265648689,LTFM,LMML,THY,0,1074.0,809.3,264.7,0.5086,1322.4
264929642,LTFM,OOMS,THY,0,2517.7,5376.4,-2858.7,-5.35,-31030.0
265406201,LTFM,OOMS,OMA,0,1924.6,1944.8,-20.2,-0.075,-450.0
265155020,LTFM,OOMS,THY,0,1934.1,1946.6,-12.5,-0.0936,-234.0
264993513,LTFM,OOMS,THY,0,1934.5,1946.6,-12.1,-0.0192,-47.9
265467546,LTFM,OOMS,OMA,0,1940.0,1944.8,-4.8,0.0366,227.4
265016750,LTFM,OOMS,THY,0,1937.6,1941.4,-3.8,-0.0534,-133.4
264883147,LTFM,OOMS,OMA,0,1943.0,1944.8,-1.8,0.0302,63.6
265636419,LTFM,OOMS,THY,0,1941.1,1941.4,-0.3,0.1439,402.9
265384736,LTFM,OOMS,OMA,0,1950.9,1951.1,-0.2,0.0564,146.6
265627025,LTFM,OOMS,OMA,0,1945.2,1944.8,0.4,-0.0377,-90.7
264903787,LTFM,OOMS,OMA,0,1945.4,1944.8,0.6,-0.0719,-431.7
264960581,LTFM,OOMS,OMA,0,1946.3,1944.8,1.5,0.0798,167.4
265810728,LTFM,OOMS,OMA,0,1946.8,1944.8,2.0,0.0022,13.3
265691424,LTFM,OOMS,OMA,0,1947.2,1944.8,2.4,0.0186,111.7
265137796,LTFM,OOMS,OMA,0,1953.9,1951.1,2.8,-0.0161,-83.8
265091790,LTFM,OOMS,OMA,0,1947.8,1944.8,3.0,0.1089,675.1
265306864,LTFM,OOMS,OMA,0,1948.2,1944.8,3.4,-0.0567,-136.0
264893760,LTFM,OOMS,THY,0,1968.2,1963.8,4.4,-0.0739,-184.7
265574951,LTFM,OOMS,THY,0,1946.6,1941.4,5.2,-0.0469,-117.4
265583784,LTFM,OOMS,OMA,0,1956.9,1951.1,5.8,0.1181,247.9
265316190,LTFM,OOMS,THY,0,1947.7,1941.4,6.3,-0.0053,-13.2
265241280,LTFM,OOMS,OMA,0,1952.4,1944.8,7.6,-0.0044,-9.3
265758579,LTFM,OOMS,OMA,0,1953.5,1944.8,8.7,0.0302,63.6
265450309,LTFM,OOMS,OMA,0,1953.6,1944.8,8.8,0.0325,84.5
265039602,LTFM,OOMS,OMA,0,1955.5,1944.8,10.7,0.0659,138.2
265169556,LTFM,OOMS,OMA,0,1956.1,1944.8,11.3,0.143,300.4
265121807,LTFM,OOMS,THY,0,1959.2,1946.6,12.6,-0.0422,-105.6
265598071,LTFM,OOMS,OMA,0,1959.4,1944.8,14.6,-0.012,-74.0
264976647,LTFM,OOMS,OMA,0,1960.1,1944.8,15.3,0.115,241.5
265532460,LTFM,OOMS,OMA,0,1962.1,1944.8,17.3,0.095,199.5
265291120,LTFM,OOMS,OMA,0,1964.1,1944.8,19.3,0.1231,258.4
265740657,LTFM,OOMS,OMA,0,1964.3,1944.8,19.5,0.1123,235.7
265041273,LTFM,OOMS,THY,0,1961.7,1941.4,20.3,0.0819,204.9
265829460,LTFM,OOMS,THY,0,1967.2,1946.6,20.6,0.0323,80.6
264901309,LTFM,OOMS,OMA,0,1966.5,1944.8,21.7,-0.0386,-81.1
265411515,LTFM,OOMS,THY,0,1963.2,1941.4,21.8,0.002,4.9
265676257,LTFM,OOMS,OMA,0,1966.8,1944.8,22.0,0.1039,218.2
265085912,LTFM,OOMS,THY,0,1986.2,1963.8,22.4,0.0128,31.9
265225101,LTFM,OOMS,OMA,0,1967.2,1944.8,22.4,0.0884,185.5
265441348,LTFM,OOMS,THY,0,1964.0,1941.4,22.6,0.0064,15.9
264921400,LTFM,OOMS,ZZZ,0,1966.0,1941.6,24.4,0.0911,227.7
265358603,LTFM,OOMS,OMA,0,1969.3,1944.8,24.5,0.1131,237.4
265508557,LTFM,OOMS,THY,0,1965.9,1941.4,24.5,-0.0494,-123.6
265476110,LTFM,OOMS,THY,0,1966.3,1941.4,24.9,0.0047,11.8
265799937,LTFM,OOMS,OMA,0,1970.1,1944.8,25.3,0.1153,242.1
265516983,LTFM,OOMS,OMA,0,1970.5,1944.8,25.7,0.0725,152.2
265282614,LTFM,OOMS,THY,0,1967.3,1941.4,25.9,0.0211,52.8
265374723,LTFM,OOMS,THY,0,1974.6,1946.6,28.0,0.0508,127.1
265836004,LTFM,OOMS,THY,0,1969.6,1941.4,28.2,0.0264,65.9
265130484,LTFM,OOMS,OMA,0,1973.3,1944.8,28.5,0.07,147.0
265732309,LTFM,OOMS,THY,0,1971.3,1941.4,29.9,0.0528,132.0
265613156,LTFM,OOMS,THY,0,1972.4,1941.4,31.0,-0.0047,-11.8
265370048,LTFM,OOMS,THY,0,1977.9,1946.6,31.3,0.0206,51.4
265221986,LTFM,OOMS,THY,0,1972.8,1941.4,31.4,-0.0694,-173.6
265350869,LTFM,OOMS,THY,0,1974.5,1941.4,33.1,0.0716,179.1
265098231,LTFM,OOMS,THY,0,2002.9,1968.9,34.0,0.095,741.0
265740797,LTFM,OOMS,THY,0,1977.8,1941.4,36.4,-0.0114,-28.5
264930758,LTFM,OOMS,OMA,0,1985.6,1944.8,40.8,0.1745,366.3
265605864,LTFM,OOMS,THY,0,1982.9,1941.4,41.5,-0.0747,-186.8
265542849,LTFM,OOMS,THY,0,1984.8,1941.4,43.4,0.2008,502.1
265783610,LTFM,OOMS,THY,0,2013.5,1968.9,44.6,0.0967,754.0
265249808,LTFM,OOMS,THY,0,1990.3,1941.4,48.9,0.1544,432.4
265190530,LTFM,OOMS,THY,0,1990.7,1941.4,49.3,0.0078,19.4
264932772,LTFM,OOMS,THY,0,1991.4,1941.4,50.0,0.0866,216.6
265147666,LTFM,OOMS,THY,0,1996.6,1946.6,50.0,0.0669,167.4
265668010,LTFM,OOMS,THY,0,1993.7,1941.4,52.3,0.112,279.9
265746532,LTFM,OOMS,THY,0,1993.7,1941.4,52.3,0.1742,435.4
264961152,LTFM,OOMS,THY,0,1997.7,1941.4,56.3,0.1086,271.6
265325590,LTFM,OOMS,THY,0,2025.7,1968.9,56.8,0.0647,504.8
265013844,LTFM,OOMS,OMA,0,2002.6,1944.8,57.8,0.1147,688.3
265551018,LTFM,OOMS,THY,0,2026.3,1963.8,62.5,0.0652,509.2
264926620,LTFM,OOMS,THY,0,2027.9,1941.4,86.5,0.1531,382.7
265700756,LTFM,OOMS,THY,0,2056.8,1963.8,93.0,0.0081,20.1
265790796,LTFM,OOMS,THY,0,2078.2,1941.4,136.8,-0.0052,-13.2
