ECTRL ID,ADEP,ADES,cluster_kmeans
264870765,LEBL,LEPA,0
264871609,LEBL,LEPA,0
264873734,LEBL,LEPA,0
264874368,LEBL,LEPA,0
264874636,LEBL,LEPA,0
264875280,LPPT,EDDB,0
264875508,LEBL,LEPA,0
264876053,EGLL,KJFK,7
264876075,EGLL,KJFK,0
264877939,EGLL,KJFK,1
264879203,EGLL,KJFK,2
264880318,EGLL,KJFK,1
264880918,LEBL,LEPA,0
264882010,LEBL,LEPA,0
264882695,EGLL,KJFK,8
264883185,EGLL,KJFK,7
264883626,LPPT,EDDB,0
264885469,LEBL,LEPA,0
264885698,EGLL,KJFK,8
264886008,EGLL,KJFK,3
264886812,LEBL,LEPA,0
264888302,LEBL,LEPA,0
264888377,EGLL,KJFK,8
264888478,LEBL,LEPA,0
264888520,LEBL,LEPA,0
264888629,EGLL,KJFK,0
264889674,EGLL,KJFK,3
264891506,LEBL,LEPA,0
264891739,EGLL,KJFK,2
264891876,EGLL,KJFK,0
264892913,EGLL,KJFK,0
264893189,LEBL,LEPA,0
264894314,LEBL,LEPA,0
264894550,LEBL,LEPA,0
264894573,EGLL,KJFK,4
264894650,LPPT,EDDB,0
264894927,EGLL,KJFK,8
264895806,EGLL,KJFK,0
264896573,LEBL,LEPA,0
264896630,EGLL,KJFK,3
264897987,EGLL,KJFK,3
264898445,EGLL,KJFK,0
264898805,LEBL,LEPA,0
264899022,LEBL,LEPA,0
264899035,LEBL,LEPA,0
264899546,LEBL,LEPA,0
264900385,LEBL,LEPA,0
264903481,EGLL,KJFK,0
264904490,EGLL,KJFK,4
264905159,LEBL,LEPA,0
264905364,LPPT,EDDB,1
264905547,LPPT,EDDB,0
264905580,EGLL,KJFK,0
264905671,EGLL,KJFK,4
264905844,EGLL,KJFK,0
264905935,EGLL,KJFK,0
264907402,EGLL,KJFK,0
264907426,LEBL,LEPA,0
264907583,LEBL,LEPA,0
264909106,EGLL,KJFK,0
264910060,LEBL,LEPA,0
264910400,LEBL,LEPA,0
264910458,LEBL,LEPA,0
264912832,EGLL,KJFK,4
264913171,LEBL,LEPA,0
264913269,EGLL,KJFK,4
264914154,LEBL,LEPA,0
264914551,EGLL,KJFK,4
264915171,EGLL,KJFK,4
264915494,LEBL,LEPA,0
264915800,LEBL,LEPA,0
264916722,EGLL,KJFK,8
264917139,EGLL,KJFK,4
264917209,LEBL,LEPA,0
264917664,EGLL,KJFK,1
264918334,LEBL,LEPA,0
264919760,EGLL,KJFK,0
264920495,LEBL,LEPA,0
264921299,LEBL,LEPA,0
264921585,EGLL,KJFK,0
264921981,LEBL,LEPA,0
264923967,LEBL,LEPA,0
264924172,EGLL,KJFK,0
264924742,EGLL,KJFK,4
264925696,LEBL,LEPA,0
264926494,LEBL,LEPA,0
264926560,EGLL,KJFK,0
264927172,EGLL,KJFK,0
264927722,LEBL,LEPA,0
264928113,EGLL,KJFK,8
264928117,LPPT,EDDB,0
264931418,LEBL,LEPA,0
264933191,LEBL,LEPA,0
264934294,LEBL,LEPA,0
264934822,LPPT,EDDB,0
264935668,LPPT,EDDB,0
264936855,LEBL,LEPA,0
264938834,LEBL,LEPA,0
264942800,LEBL,LEPA,0
264943309,LEBL,LEPA,0
264945812,EGLL,KJFK,2
264945824,LEBL,LEPA,0
264946491,LEBL,LEPA,0
264946906,LEBL,LEPA,0
264946983,LEBL,LEPA,0
264947863,LPPT,EDDB,1
264948649,EGLL,KJFK,2
264948655,EGLL,KJFK,2
264949014,LEBL,LEPA,0
264949284,EGLL,KJFK,7
264949422,LEBL,LEPA,0
264949953,LEBL,LEPA,0
264949956,EGLL,KJFK,7
264950074,LEBL,LEPA,0
264950735,EGLL,KJFK,2
264951441,EGLL,KJFK,7
264951712,LEBL,LEPA,0
264952153,EGLL,KJFK,2
264952503,EGLL,KJFK,2
264953373,EGLL,KJFK,4
264954062,EGLL,KJFK,2
264955123,EGLL,KJFK,2
264955320,LEBL,LEPA,0
264956232,EGLL,KJFK,3
264957286,LEBL,LEPA,0
264958361,EGLL,KJFK,2
264959642,LEBL,LEPA,0
264959946,EGLL,KJFK,2
264960968,LEBL,LEPA,0
264961441,EGLL,KJFK,2
264961491,LEBL,LEPA,0
264961552,LEBL,LEPA,0
264961763,EGLL,KJFK,2
264961928,LEBL,LEPA,0
264963191,EGLL,KJFK,2
264963709,EGLL,KJFK,4
264964188,EGLL,KJFK,2
264964233,EGLL,KJFK,3
264966681,LPPT,EDDB,1
264967741,EGLL,KJFK,4
264968263,LPPT,EDDB,0
264971103,EGLL,KJFK,4
264974076,LPPT,EDDB,0
264975863,LEBL,LEPA,0
264977408,LEBL,LEPA,0
264977777,LEBL,LEPA,0
264978262,EGLL,KJFK,2
264978687,EGLL,KJFK,4
264978699,EGLL,KJFK,3
264979770,LEBL,LEPA,0
264979873,LEBL,LEPA,0
264980093,EGLL,KJFK,2
264980690,EGLL,KJFK,2
264982188,LEBL,LEPA,0
264982492,EGLL,KJFK,0
264982866,EGLL,KJFK,2
264983829,LEBL,LEPA,0
264984723,LEBL,LEPA,0
264985473,EGLL,KJFK,2
264987461,EGLL,KJFK,2
264987793,EGLL,KJFK,2
264988109,LEBL,LEPA,0
264988220,EGLL,KJFK,0
264988677,EGLL,KJFK,0
264988763,EGLL,KJFK,0
264989287,LEBL,LEPA,0
264989379,LEBL,LEPA,0
264989589,LEBL,LEPA,0
264989923,LEBL,LEPA,0
264990100,EGLL,KJFK,3
264990200,EGLL,KJFK,4
264992182,EGLL,KJFK,3
264993225,EGLL,KJFK,2
264993330,LEBL,LEPA,0
264993484,LEBL,LEPA,0
264993701,LEBL,LEPA,0
264994119,EGLL,KJFK,2
264994481,EGLL,KJFK,2
264995590,LEBL,LEPA,0
264996310,LEBL,LEPA,0
264996361,LEBL,LEPA,0
264996482,LEBL,LEPA,0
264996518,LEBL,LEPA,0
264996891,LEBL,LEPA,0
264997077,LEBL,LEPA,0
264997975,LEBL,LEPA,0
264998690,EGLL,KJFK,2
264999793,LEBL,LEPA,0
264999952,EGLL,KJFK,2
265000275,LEBL,LEPA,0
265000551,EGLL,KJFK,0
265001314,EGLL,KJFK,2
265001417,LEBL,LEPA,0
265002161,EGLL,KJFK,0
265002732,LEBL,LEPA,0
265002935,EGLL,KJFK,2
265003125,EGLL,KJFK,0
265003262,LEBL,LEPA,0
265003483,EGLL,KJFK,2
265003647,LEBL,LEPA,0
265004455,LPPT,EDDB,0
265004504,LEBL,LEPA,0
265004505,EGLL,KJFK,0
265004591,LEBL,LEPA,0
265004599,LEBL,LEPA,0
265004936,EGLL,KJFK,2
265005083,LEBL,LEPA,0
265006442,LEBL,LEPA,0
265007276,LEBL,LEPA,0
265010051,LEBL,LEPA,0
265010798,EGLL,KJFK,2
265011004,LEBL,LEPA,0
265011424,EGLL,KJFK,1
265011884,EGLL,KJFK,0
265012984,LEBL,LEPA,0
265014341,LEBL,LEPA,0
265015693,EGLL,KJFK,2
265015862,EGLL,KJFK,2
265017650,EGLL,KJFK,2
265019996,EGLL,KJFK,8
265020139,EGLL,KJFK,2
265020487,LEBL,LEPA,0
265020880,EGLL,KJFK,2
265022588,LEBL,LEPA,0
265022647,EGLL,KJFK,2
265022914,LEBL,LEPA,0
265025270,LPPT,EDDB,0
265025786,EGLL,KJFK,2
265026605,EGLL,KJFK,2
265026624,LPPT,EDDB,0
265026949,LEBL,LEPA,0
265028411,LEBL,LEPA,0
265029002,LEBL,LEPA,0
265029207,EGLL,KJFK,8
265029385,LEBL,LEPA,0
265031193,LEBL,LEPA,0
265031528,LEBL,LEPA,0
265033181,LEBL,LEPA,0
265033589,LEBL,LEPA,0
265034524,LEBL,LEPA,0
265034612,EGLL,KJFK,0
265035618,LEBL,LEPA,0
265035688,EGLL,KJFK,0
265036122,LEBL,LEPA,0
265036434,LEBL,LEPA,0
265037732,EGLL,KJFK,2
265038233,EGLL,KJFK,0
265039226,EGLL,KJFK,0
265039614,LEBL,LEPA,0
265040161,LEBL,LEPA,0
265041383,LEBL,LEPA,0
265041528,LPPT,EDDB,1
265042178,EGLL,KJFK,2
265042436,LPPT,EDDB,0
265043393,LEBL,LEPA,0
265045210,EGLL,KJFK,0
265045253,EGLL,KJFK,0
265045434,EGLL,KJFK,2
265045587,LEBL,LEPA,0
265045592,EGLL,KJFK,0
265045602,EGLL,KJFK,0
265046784,EGLL,KJFK,2
265048589,LEBL,LEPA,0
265048669,EGLL,KJFK,0
265049207,LEBL,LEPA,0
265050233,LEBL,LEPA,0
265050845,LEBL,LEPA,0
265051729,LEBL,LEPA,0
265051753,EGLL,KJFK,8
265051787,EGLL,KJFK,0
265052719,LPPT,EDDB,0
265053240,EGLL,KJFK,0
265053706,LEBL,LEPA,0
265054044,EGLL,KJFK,0
265055328,EGLL,KJFK,0
265055637,EGLL,KJFK,0
265055851,LEBL,LEPA,0
265056491,LEBL,LEPA,0
265056946,EGLL,KJFK,0
265058844,LEBL,LEPA,0
265059426,LEBL,LEPA,0
265060103,EGLL,KJFK,2
265060740,LEBL,LEPA,0
265062786,EGLL,KJFK,2
265068666,LPPT,EDDB,0
265072324,LPPT,EDDB,1
265073074,EGLL,KJFK,0
265073558,EGLL,KJFK,0
265073947,LEBL,LEPA,0
265074273,LEBL,LEPA,0
265074462,EGLL,KJFK,2
265074520,EGLL,KJFK,0
265074544,LEBL,LEPA,0
265075187,LEBL,LEPA,0
265075265,LEBL,LEPA,0
265076030,EGLL,KJFK,0
265076698,EGLL,KJFK,0
265077234,LEBL,LEPA,0
265077614,LPPT,EDDB,0
265077646,EGLL,KJFK,2
265078083,EGLL,KJFK,0
265078781,EGLL,KJFK,2
265079179,EGLL,KJFK,2
265079762,EGLL,KJFK,2
265080220,LEBL,LEPA,0
265080353,EGLL,KJFK,0
265081764,EGLL,KJFK,0
265082045,LEBL,LEPA,0
265082102,LEBL,LEPA,0
265082298,LEBL,LEPA,0
265083643,LEBL,LEPA,0
265084183,LEBL,LEPA,0
265084529,EGLL,KJFK,2
265084737,EGLL,KJFK,2
265085224,LEBL,LEPA,0
265085686,EGLL,KJFK,2
265087164,EGLL,KJFK,2
265088689,EGLL,KJFK,2
265088924,LEBL,LEPA,0
265090062,LEBL,LEPA,0
265090329,EGLL,KJFK,8
265090767,LEBL,LEPA,0
265091343,LEBL,LEPA,0
265094251,LEBL,LEPA,0
265094440,LEBL,LEPA,0
265094831,LEBL,LEPA,0
265095433,EGLL,KJFK,0
265095591,LEBL,LEPA,0
265096663,EGLL,KJFK,0
265096840,LEBL,LEPA,0
265096985,LEBL,LEPA,0
265097360,EGLL,KJFK,0
265097394,LEBL,LEPA,0
265100592,LEBL,LEPA,0
265101445,LEBL,LEPA,0
265103443,LEBL,LEPA,0
265104023,LEBL,LEPA,0
265104343,LEBL,LEPA,0
265105094,LPPT,EDDB,0
265105386,LEBL,LEPA,0
265105807,EGLL,KJFK,2
265105823,EGLL,KJFK,2
265107758,EGLL,KJFK,0
265108608,EGLL,KJFK,2
265110123,EGLL,KJFK,2
265110214,LEBL,LEPA,0
265110870,LEBL,LEPA,0
265111545,EGLL,KJFK,2
265112266,EGLL,KJFK,8
265112715,EGLL,KJFK,8
265113156,LPPT,EDDB,1
265114221,LEBL,LEPA,0
265115220,EGLL,KJFK,8
265115769,LEBL,LEPA,0
265117354,EGLL,KJFK,0
265117763,LEBL,LEPA,0
265117864,LEBL,LEPA,0
265117917,EGLL,KJFK,0
265118031,EGLL,KJFK,0
265118094,LEBL,LEPA,0
265119167,EGLL,KJFK,2
265120872,LEBL,LEPA,0
265121124,EGLL,KJFK,0
265121237,EGLL,KJFK,0
265122290,EGLL,KJFK,8
265122559,LEBL,LEPA,0
265123670,LEBL,LEPA,0
265123848,EGLL,KJFK,4
265123891,LEBL,LEPA,0
265124330,EGLL,KJFK,0
265124768,LPPT,EDDB,0
265125091,EGLL,KJFK,0
265126000,EGLL,KJFK,1
265127293,EGLL,KJFK,8
265127296,LEBL,LEPA,0
265128108,LEBL,LEPA,0
265128334,LEBL,LEPA,0
265128840,LEBL,LEPA,0
265129140,LEBL,LEPA,0
265129378,LEBL,LEPA,0
265129498,EGLL,KJFK,0
265131419,EGLL,KJFK,0
265133137,EGLL,KJFK,0
265133534,EGLL,KJFK,0
265134920,LEBL,LEPA,0
265135241,EGLL,KJFK,0
265135760,LPPT,EDDB,1
265136406,LEBL,LEPA,0
265136536,EGLL,KJFK,8
265136570,LEBL,LEPA,0
265136899,EGLL,KJFK,0
265137886,LEBL,LEPA,0
265139177,LEBL,LEPA,0
265139910,EGLL,KJFK,0
265140346,EGLL,KJFK,0
265140829,LEBL,LEPA,0
265141784,LEBL,LEPA,0
265142231,EGLL,KJFK,8
265142263,EGLL,KJFK,8
265142291,LEBL,LEPA,0
265143176,EGLL,KJFK,4
265143614,LEBL,LEPA,0
265143822,LEBL,LEPA,0
265144337,LEBL,LEPA,0
265147029,LEBL,LEPA,0
265147308,EGLL,KJFK,0
265147713,EGLL,KJFK,8
265149548,EGLL,KJFK,0
265149810,EGLL,KJFK,8
265149865,EGLL,KJFK,8
265150305,LEBL,LEPA,0
265151616,EGLL,KJFK,0
265152048,LEBL,LEPA,0
265152113,LPPT,EDDB,0
265153037,LEBL,LEPA,0
265153044,EGLL,KJFK,0
265154508,LPPT,EDDB,0
265154709,EGLL,KJFK,0
265155267,EGLL,KJFK,0
265155505,LEBL,LEPA,0
265157088,EGLL,KJFK,8
265157150,LEBL,LEPA,0
265158911,EGLL,KJFK,8
265159289,LEBL,LEPA,0
265159535,LEBL,LEPA,0
265160158,EGLL,KJFK,0
265160933,LEBL,LEPA,0
265161414,LEBL,LEPA,0
265162503,EGLL,KJFK,0
265162995,EGLL,KJFK,0
265164629,EGLL,KJFK,0
265164821,LEBL,LEPA,0
265165184,LEBL,LEPA,0
265166486,LEBL,LEPA,0
265168040,LEBL,LEPA,0
265168722,LEBL,LEPA,0
265169010,LEBL,LEPA,0
265169840,EGLL,KJFK,0
265170254,LEBL,LEPA,0
265170552,EGLL,KJFK,0
265172005,LEBL,LEPA,0
265172282,LPPT,EDDB,0
265172601,LEBL,LEPA,0
265173736,EGLL,KJFK,1
265174011,LEBL,LEPA,0
265174131,EGLL,KJFK,4
265174438,EGLL,KJFK,0
265174515,LPPT,EDDB,0
265175141,LEBL,LEPA,0
265175628,EGLL,KJFK,1
265176500,EGLL,KJFK,0
265178688,LEBL,LEPA,0
265178820,LEBL,LEPA,0
265179863,LEBL,LEPA,0
265179968,LEBL,LEPA,0
265180461,LEBL,LEPA,0
265181927,LEBL,LEPA,0
265182944,LEBL,LEPA,0
265183110,EGLL,KJFK,0
265183833,LEBL,LEPA,0
265183917,EGLL,KJFK,0
265185783,EGLL,KJFK,0
265186086,LPPT,EDDB,0
265186230,EGLL,KJFK,4
265186694,EGLL,KJFK,4
265187291,LEBL,LEPA,0
265187799,EGLL,KJFK,4
265188992,EGLL,KJFK,4
265189254,EGLL,KJFK,4
265189849,EGLL,KJFK,1
265190582,EGLL,KJFK,0
265190626,LEBL,LEPA,0
265191528,EGLL,KJFK,0
265192832,LEBL,LEPA,0
265192992,EGLL,KJFK,0
265195915,LEBL,LEPA,0
265196352,LPPT,EDDB,1
265198963,LPPT,EDDB,0
265200135,LEBL,LEPA,0
265202115,LPPT,EDDB,0
265203122,LEBL,LEPA,0
265204198,LEBL,LEPA,0
265204313,EGLL,KJFK,0
265204830,LEBL,LEPA,0
265207208,LEBL,LEPA,0
265207855,LEBL,LEPA,0
265208411,LEBL,LEPA,0
265209871,EGLL,KJFK,0
265209926,LEBL,LEPA,0
265210286,LEBL,LEPA,0
265210375,EGLL,KJFK,0
265211314,LEBL,LEPA,0
265211384,LEBL,LEPA,0
265211403,EGLL,KJFK,4
265211506,LEBL,LEPA,0
265211676,EGLL,KJFK,4
265212847,LEBL,LEPA,0
265212850,EGLL,KJFK,0
265213027,EGLL,KJFK,0
265213059,LEBL,LEPA,0
265213332,EGLL,KJFK,4
265213895,EGLL,KJFK,1
265214210,EGLL,KJFK,8
265214626,EGLL,KJFK,0
265216280,LEBL,LEPA,0
265216317,EGLL,KJFK,0
265217820,EGLL,KJFK,0
265218699,EGLL,KJFK,1
265219037,LEBL,LEPA,0
265219313,EGLL,KJFK,0
265219358,LEBL,LEPA,0
265219560,EGLL,KJFK,4
265220609,EGLL,KJFK,0
265221077,EGLL,KJFK,0
265221113,EGLL,KJFK,0
265222349,LEBL,LEPA,0
265222516,LEBL,LEPA,0
265222629,EGLL,KJFK,0
265223126,LEBL,LEPA,0
265223344,LEBL,LEPA,0
265223607,LEBL,LEPA,0
265224366,EGLL,KJFK,0
265225391,LEBL,LEPA,0
265225905,EGLL,KJFK,0
265229385,LEBL,LEPA,0
265230222,LEBL,LEPA,0
265230490,LPPT,EDDB,0
265231397,LEBL,LEPA,0
265232315,LEBL,LEPA,0
265232677,LEBL,LEPA,0
265233246,LEBL,LEPA,0
265233362,LEBL,LEPA,0
265233765,LEBL,LEPA,0
265234245,LEBL,LEPA,0
265234646,EGLL,KJFK,4
265234711,EGLL,KJFK,0
265236484,EGLL,KJFK,0
265237244,EGLL,KJFK,4
265238738,EGLL,KJFK,2
265238843,LEBL,LEPA,0
265239442,LEBL,LEPA,0
265240027,EGLL,KJFK,0
265240805,EGLL,KJFK,4
265241226,EGLL,KJFK,4
265242008,LPPT,EDDB,1
265242344,EGLL,KJFK,0
265243782,EGLL,KJFK,0
265244385,LEBL,LEPA,0
265245047,EGLL,KJFK,4
265245953,LEBL,LEPA,0
265246095,EGLL,KJFK,4
265246193,EGLL,KJFK,0
265247282,EGLL,KJFK,4
265247329,LEBL,LEPA,0
265248943,LEBL,LEPA,0
265249395,EGLL,KJFK,0
265250079,EGLL,KJFK,0
265250543,EGLL,KJFK,4
265250589,LEBL,LEPA,0
265251766,LEBL,LEPA,0
265251894,EGLL,KJFK,0
265252024,LPPT,EDDB,0
265252756,EGLL,KJFK,0
265253130,LEBL,LEPA,0
265253133,EGLL,KJFK,0
265254290,LEBL,LEPA,0
265254646,EGLL,KJFK,0
265254765,LEBL,LEPA,0
265255118,EGLL,KJFK,4
265255661,EGLL,KJFK,0
265256592,LEBL,LEPA,0
265257089,LEBL,LEPA,0
265257262,LEBL,LEPA,0
265262924,LEBL,LEPA,0
265262995,LEBL,LEPA,0
265264052,LEBL,LEPA,0
265264230,LEBL,LEPA,0
265265209,LEBL,LEPA,0
265265237,LEBL,LEPA,0
265265597,LEBL,LEPA,0
265266083,LPPT,EDDB,0
265266518,LEBL,LEPA,0
265267007,EGLL,KJFK,4
265267025,EGLL,KJFK,0
265268767,EGLL,KJFK,4
265269582,EGLL,KJFK,4
265271096,EGLL,KJFK,4
265271284,LEBL,LEPA,0
265271852,LEBL,LEPA,0
265272554,EGLL,KJFK,4
265273319,EGLL,KJFK,4
265273666,EGLL,KJFK,4
265274070,LPPT,EDDB,1
265276360,EGLL,KJFK,0
265276365,LEBL,LEPA,0
265277000,EGLL,KJFK,2
265278630,LEBL,LEPA,0
265278912,EGLL,KJFK,0
265279732,EGLL,KJFK,2
265279935,LEBL,LEPA,0
265279953,EGLL,KJFK,4
265280197,LEBL,LEPA,0
265280350,LEBL,LEPA,0
265281697,LEBL,LEPA,0
265281963,EGLL,KJFK,0
265282173,EGLL,KJFK,0
265282853,LEBL,LEPA,0
265283161,EGLL,KJFK,4
265283388,LEBL,LEPA,0
265284480,LEBL,LEPA,0
265284648,EGLL,KJFK,7
265285003,EGLL,KJFK,0
265285863,EGLL,KJFK,0
265286136,LPPT,EDDB,0
265286660,EGLL,KJFK,0
265287570,LEBL,LEPA,0
265287909,EGLL,KJFK,1
265288457,EGLL,KJFK,0
265288686,LEBL,LEPA,0
265289363,LEBL,LEPA,0
265290084,LEBL,LEPA,0
265291465,LEBL,LEPA,0
265293579,LEBL,LEPA,0
265294615,LEBL,LEPA,0
265295542,LEBL,LEPA,0
265297591,LEBL,LEPA,0
265298588,LEBL,LEPA,0
265299023,LEBL,LEPA,0
265299974,EGLL,KJFK,0
265299999,EGLL,KJFK,0
265300687,LPPT,EDDB,0
265301104,LEBL,LEPA,0
265301942,EGLL,KJFK,0
265302695,EGLL,KJFK,8
265304259,EGLL,KJFK,1
265304904,LEBL,LEPA,0
265304952,LEBL,LEPA,0
265305696,EGLL,KJFK,4
265306390,EGLL,KJFK,8
265307265,LPPT,EDDB,1
265308056,EGLL,KJFK,0
265308628,EGLL,KJFK,8
265309319,EGLL,KJFK,0
265309559,EGLL,KJFK,0
265309997,LEBL,LEPA,0
265311942,LEBL,LEPA,0
265312051,EGLL,KJFK,8
265312119,EGLL,KJFK,0
265312637,LEBL,LEPA,0
265312897,LEBL,LEPA,0
265313382,EGLL,KJFK,1
265314993,LEBL,LEPA,0
265315277,EGLL,KJFK,0
265315485,EGLL,KJFK,8
265316673,EGLL,KJFK,8
265316924,LEBL,LEPA,0
265317238,LEBL,LEPA,0
265317917,LEBL,LEPA,0
265317984,EGLL,KJFK,8
265318313,LPPT,EDDB,0
265318519,EGLL,KJFK,0
265319353,EGLL,KJFK,1
265320165,EGLL,KJFK,8
265321407,LEBL,LEPA,0
265321435,EGLL,KJFK,1
265321466,LEBL,LEPA,0
265321949,EGLL,KJFK,0
265322243,LEBL,LEPA,0
265323011,LEBL,LEPA,0
265323637,LEBL,LEPA,0
265323897,LEBL,LEPA,0
265325322,LEBL,LEPA,0
265328332,LEBL,LEPA,0
265329161,LEBL,LEPA,0
265331236,LEBL,LEPA,0
265331897,LEBL,LEPA,0
265332126,LEBL,LEPA,0
265332938,LPPT,EDDB,0
265333096,LEBL,LEPA,0
265333566,EGLL,KJFK,1
265333626,EGLL,KJFK,0
265335420,EGLL,KJFK,0
265336279,EGLL,KJFK,0
265337842,EGLL,KJFK,3
265338419,LEBL,LEPA,0
265338581,LEBL,LEPA,0
265339312,EGLL,KJFK,4
265340206,EGLL,KJFK,0
265340643,EGLL,KJFK,0
265340979,LPPT,EDDB,0
265343097,EGLL,KJFK,0
265344378,EGLL,KJFK,0
265345865,LEBL,LEPA,0
265345965,LEBL,LEPA,0
265346032,EGLL,KJFK,0
265346351,EGLL,KJFK,0
265346524,LEBL,LEPA,0
265346848,LEBL,LEPA,0
265346943,LEBL,LEPA,0
265347211,EGLL,KJFK,3
265348191,LEBL,LEPA,0
265348863,LEBL,LEPA,0
265349334,EGLL,KJFK,0
265350332,EGLL,KJFK,0
265350438,EGLL,KJFK,3
265351971,EGLL,KJFK,0
265352080,LPPT,EDDB,1
265352375,EGLL,KJFK,0
265353046,LEBL,LEPA,0
265353196,EGLL,KJFK,0
265354081,EGLL,KJFK,1
265354684,LEBL,LEPA,0
265355339,EGLL,KJFK,1
265355345,LEBL,LEPA,0
265355832,EGLL,KJFK,0
265356443,LEBL,LEPA,0
265357466,LEBL,LEPA,0
265357530,LEBL,LEPA,0
265358426,LEBL,LEPA,0
265361659,EGLL,KJFK,4
265362169,EGLL,KJFK,4
265362246,LEBL,LEPA,0
265362420,EGLL,KJFK,2
265362725,EGLL,KJFK,6
265362814,EGLL,KJFK,3
265363372,LEBL,LEPA,0
265363975,LEBL,LEPA,0
265364639,EGLL,KJFK,1
265365650,EGLL,KJFK,3
265367929,EGLL,KJFK,6
265367952,LEBL,LEPA,0
265368385,EGLL,KJFK,6
265368845,LEBL,LEPA,0
265369172,LEBL,LEPA,0
265369371,LEBL,LEPA,0
265369998,LEBL,LEPA,0
265371299,EGLL,KJFK,1
265371985,LEBL,LEPA,0
265372628,EGLL,KJFK,3
265373102,LEBL,LEPA,0
265373303,LEBL,LEPA,0
265373581,EGLL,KJFK,2
265373701,LEBL,LEPA,0
265373977,LEBL,LEPA,0
265374067,LEBL,LEPA,0
265374970,EGLL,KJFK,1
265376502,LPPT,EDDB,0
265376735,EGLL,KJFK,5
265377201,EGLL,KJFK,3
265378150,LPPT,EDDB,0
265378169,LEBL,LEPA,0
265378485,EGLL,KJFK,6
265378686,LEBL,LEPA,0
265379054,LPPT,EDDB,0
265379610,LEBL,LEPA,0
265379916,EGLL,KJFK,1
265381827,LEBL,LEPA,0
265382051,EGLL,KJFK,5
265382625,EGLL,KJFK,2
265382692,EGLL,KJFK,4
265382966,EGLL,KJFK,3
265383547,EGLL,KJFK,4
265383797,LEBL,LEPA,0
265384429,LEBL,LEPA,0
265387361,LEBL,LEPA,0
265388146,LEBL,LEPA,0
265388355,EGLL,KJFK,4
265389652,LPPT,EDDB,1
265389716,EGLL,KJFK,0
265389955,LEBL,LEPA,0
265393457,EGLL,KJFK,4
265394175,EGLL,KJFK,4
265394953,EGLL,KJFK,4
265395548,LEBL,LEPA,0
265396992,EGLL,KJFK,0
265397234,EGLL,KJFK,4
265397391,EGLL,KJFK,4
265398981,EGLL,KJFK,4
265399430,EGLL,KJFK,3
265399756,EGLL,KJFK,1
265400668,LPPT,EDDB,0
265400891,EGLL,KJFK,3
265401355,LEBL,LEPA,0
265401373,EGLL,KJFK,1
265401460,EGLL,KJFK,4
265402069,EGLL,KJFK,1
265402210,LEBL,LEPA,0
265403241,LEBL,LEPA,0
265405065,LEBL,LEPA,0
265405087,LEBL,LEPA,0
265406018,LEBL,LEPA,0
265407077,LEBL,LEPA,0
265407128,LEBL,LEPA,0
265408570,EGLL,KJFK,0
265409679,LEBL,LEPA,0
265410428,LEBL,LEPA,0
265410642,EGLL,KJFK,0
265410870,LPPT,EDDB,0
265411003,LEBL,LEPA,0
265411038,EGLL,KJFK,0
265411427,LEBL,LEPA,0
265411646,EGLL,KJFK,0
265412296,EGLL,KJFK,0
265412416,EGLL,KJFK,0
265413563,LEBL,LEPA,0
265413586,EGLL,KJFK,3
265414238,LEBL,LEPA,0
265414417,LEBL,LEPA,0
265415041,LEBL,LEPA,0
265415484,EGLL,KJFK,1
265416372,LEBL,LEPA,0
265416900,LEBL,LEPA,0
265416905,LEBL,LEPA,0
265418983,LEBL,LEPA,0
265423057,LPPT,EDDB,0
265424048,LPPT,EDDB,0
265428619,LPPT,EDDB,0
265433548,EGLL,KJFK,4
265433733,EGLL,KJFK,4
265434406,LEBL,LEPA,0
265434522,EGLL,KJFK,0
265434540,LEBL,LEPA,0
265435089,LEBL,LEPA,0
265435871,EGLL,KJFK,3
265435928,LEBL,LEPA,0
265436346,EGLL,KJFK,4
265437106,EGLL,KJFK,0
265437121,LEBL,LEPA,0
265437785,EGLL,KJFK,0
265438446,EGLL,KJFK,3
265438487,LEBL,LEPA,0
265438925,EGLL,KJFK,0
265440795,LEBL,LEPA,0
265441874,LEBL,LEPA,0
265442037,LEBL,LEPA,0
265442163,EGLL,KJFK,0
265442914,EGLL,KJFK,0
265442927,EGLL,KJFK,4
265443055,EGLL,KJFK,4
265443407,EGLL,KJFK,0
265444090,LEBL,LEPA,0
265444217,EGLL,KJFK,0
265444276,LEBL,LEPA,0
265444333,EGLL,KJFK,3
265445041,LEBL,LEPA,0
265447554,EGLL,KJFK,0
265447741,LEBL,LEPA,0
265447987,LEBL,LEPA,0
265448500,LEBL,LEPA,0
265448923,LEBL,LEPA,0
265449057,LEBL,LEPA,0
265449511,LEBL,LEPA,0
265449574,LEBL,LEPA,0
265449808,LEBL,LEPA,0
265450649,EGLL,KJFK,0
265451985,LEBL,LEPA,0
265452331,EGLL,KJFK,3
265452528,EGLL,KJFK,3
265452732,EGLL,KJFK,4
265452789,LEBL,LEPA,0
265453007,LEBL,LEPA,0
265453123,EGLL,KJFK,0
265453380,LEBL,LEPA,0
265455801,LEBL,LEPA,0
265456684,LEBL,LEPA,0
265456906,LPPT,EDDB,0
265457678,LEBL,LEPA,0
265458773,LEBL,LEPA,0
265459153,LEBL,LEPA,0
265459464,LEBL,LEPA,0
265459721,LEBL,LEPA,0
265460085,LEBL,LEPA,0
265460551,LEBL,LEPA,0
265461065,EGLL,KJFK,3
265461094,EGLL,KJFK,4
265462885,EGLL,KJFK,4
265463613,EGLL,KJFK,4
265464987,EGLL,KJFK,4
265465141,LEBL,LEPA,0
265466395,EGLL,KJFK,3
265467212,EGLL,KJFK,6
265467535,EGLL,KJFK,4
265468012,LPPT,EDDB,1
265469321,EGLL,KJFK,5
265469877,EGLL,KJFK,6
265470067,EGLL,KJFK,5
265471463,LEBL,LEPA,0
265472436,EGLL,KJFK,6
265473083,LEBL,LEPA,0
265473609,EGLL,KJFK,1
265473738,EGLL,KJFK,5
265475186,LEBL,LEPA,0
265475637,EGLL,KJFK,5
265476123,EGLL,KJFK,3
265476631,EGLL,KJFK,6
265476821,LEBL,LEPA,0
265476908,LEBL,LEPA,0
265478139,EGLL,KJFK,3
265478192,LPPT,EDDB,0
265478568,EGLL,KJFK,6
265479305,LEBL,LEPA,0
265479359,EGLL,KJFK,5
265480487,LEBL,LEPA,0
265480958,LEBL,LEPA,0
265481277,EGLL,KJFK,6
265481814,EGLL,KJFK,5
265482069,LEBL,LEPA,0
265482499,EGLL,KJFK,6
265483351,LEBL,LEPA,0
265484512,LEBL,LEPA,0
265487752,LEBL,LEPA,0
265487785,LEBL,LEPA,0
265488580,LEBL,LEPA,0
265490228,LEBL,LEPA,0
265490644,LEBL,LEPA,0
265491402,LEBL,LEPA,0
265491757,LEBL,LEPA,0
265492072,LPPT,EDDB,0
265493005,EGLL,KJFK,5
265493018,EGLL,KJFK,7
265493537,LEBL,LEPA,0
265494802,EGLL,KJFK,7
265495610,EGLL,KJFK,7
265497163,EGLL,KJFK,3
265497256,LEBL,LEPA,0
265498018,LEBL,LEPA,0
265498560,EGLL,KJFK,7
265499757,EGLL,KJFK,5
265500196,LPPT,EDDB,0
265500364,EGLL,KJFK,7
265502028,EGLL,KJFK,6
265502317,EGLL,KJFK,7
265502339,LEBL,LEPA,0
265503942,LEBL,LEPA,0
265504622,LEBL,LEPA,0
265504670,EGLL,KJFK,3
265505022,LEBL,LEPA,0
265505157,EGLL,KJFK,7
265505413,LEBL,LEPA,0
265505972,EGLL,KJFK,7
265506104,LEBL,LEPA,0
265507585,LEBL,LEPA,0
265507866,EGLL,KJFK,3
265509234,EGLL,KJFK,7
265509265,LEBL,LEPA,0
265510314,LEBL,LEPA,0
265510456,LPPT,EDDB,0
265510485,EGLL,KJFK,3
265511821,EGLL,KJFK,5
265511853,EGLL,KJFK,3
265514127,LEBL,LEPA,0
265514312,EGLL,KJFK,5
265514637,LEBL,LEPA,0
265515054,EGLL,KJFK,3
265515310,LEBL,LEPA,0
265515865,LEBL,LEPA,0
265516166,LEBL,LEPA,0
265519423,LEBL,LEPA,0
265520566,LEBL,LEPA,0
265521472,LEBL,LEPA,0
265523407,LEBL,LEPA,0
265523852,EGLL,KJFK,5
265524148,LEBL,LEPA,0
265524340,LEBL,LEPA,0
265525270,LEBL,LEPA,0
265525724,EGLL,KJFK,7
265526415,LPPT,EDDB,0
265527613,EGLL,KJFK,6
265528409,EGLL,KJFK,6
265529813,EGLL,KJFK,3
265529985,LEBL,LEPA,0
265530370,EGLL,KJFK,3
265530547,LEBL,LEPA,0
265531238,EGLL,KJFK,2
265532013,EGLL,KJFK,7
265532458,EGLL,KJFK,5
265533093,LPPT,EDDB,0
265534381,EGLL,KJFK,6
265534887,EGLL,KJFK,3
265535126,EGLL,KJFK,6
265535418,LEBL,LEPA,0
265537486,LEBL,LEPA,0
265537768,EGLL,KJFK,7
265538171,LEBL,LEPA,0
265538214,EGLL,KJFK,7
265538830,EGLL,KJFK,3
265538953,LEBL,LEPA,0
265540580,LEBL,LEPA,0
265540967,EGLL,KJFK,6
265542000,EGLL,KJFK,3
265542022,EGLL,KJFK,7
265542370,LEBL,LEPA,0
265542708,LEBL,LEPA,0
265543360,LEBL,LEPA,0
265543500,EGLL,KJFK,2
265543624,LPPT,EDDB,0
265544027,EGLL,KJFK,7
265544755,EGLL,KJFK,5
265545915,EGLL,KJFK,7
265546532,LEBL,LEPA,0
265546859,LEBL,LEPA,0
265546862,EGLL,KJFK,3
265548156,LEBL,LEPA,0
265548311,LEBL,LEPA,0
265548997,LEBL,LEPA,0
265549427,LEBL,LEPA,0
265550485,LEBL,LEPA,0
265553691,LEBL,LEPA,0
265554634,LEBL,LEPA,0
265556625,LEBL,LEPA,0
265557111,EGLL,KJFK,5
265557217,LEBL,LEPA,0
265557494,LEBL,LEPA,0
265558148,LPPT,EDDB,0
265558522,LEBL,LEPA,0
265560596,EGLL,KJFK,3
265560895,EGLL,KJFK,6
265561776,EGLL,KJFK,3
265563093,LEBL,LEPA,0
265563143,EGLL,KJFK,3
265564623,EGLL,KJFK,6
265564749,LEBL,LEPA,0
265565542,EGLL,KJFK,3
265565974,EGLL,KJFK,5
265566302,LPPT,EDDB,0
265567436,LEBL,LEPA,0
265568356,EGLL,KJFK,3
265568661,EGLL,KJFK,6
265568750,LEBL,LEPA,0
265571139,EGLL,KJFK,3
265571264,EGLL,KJFK,6
265571269,LEBL,LEPA,0
265571770,LEBL,LEPA,0
265572106,LEBL,LEPA,0
265572147,LEBL,LEPA,0
265572388,EGLL,KJFK,3
265574022,LEBL,LEPA,0
265574415,EGLL,KJFK,3
265576283,EGLL,KJFK,6
265577101,EGLL,KJFK,6
265577191,LPPT,EDDB,0
265577529,EGLL,KJFK,3
265577554,LEBL,LEPA,0
265577563,LEBL,LEPA,0
265577728,EGLL,KJFK,3
265578325,EGLL,KJFK,5
265579068,LEBL,LEPA,0
265579124,EGLL,KJFK,3
265580373,EGLL,KJFK,8
265580991,EGLL,KJFK,5
265581536,LEBL,LEPA,0
265581920,LEBL,LEPA,0
265582483,LEBL,LEPA,0
265582658,LEBL,LEPA,0
265582929,LEBL,LEPA,0
265586089,LEBL,LEPA,0
265587009,LEBL,LEPA,0
265587110,LEBL,LEPA,0
265587751,LEBL,LEPA,0
265590117,EGLL,KJFK,5
265590201,LEBL,LEPA,0
265590541,LEBL,LEPA,0
265591771,EGLL,KJFK,2
265593443,EGLL,KJFK,6
265594434,EGLL,KJFK,2
265594541,LPPT,EDDB,0
265595643,EGLL,KJFK,3
265596301,LEBL,LEPA,0
265596613,LEBL,LEPA,0
265596910,EGLL,KJFK,2
265598027,EGLL,KJFK,5
265598884,EGLL,KJFK,6
265599808,LPPT,EDDB,0
265600507,EGLL,KJFK,5
265600749,EGLL,KJFK,6
265601426,EGLL,KJFK,6
265601478,LEBL,LEPA,0
265602453,LEBL,LEPA,0
265602525,EGLL,KJFK,6
265602653,EGLL,KJFK,6
265603338,LEBL,LEPA,0
265603680,EGLL,KJFK,3
265605089,LEBL,LEPA,0
265605241,EGLL,KJFK,6
265605422,EGLL,KJFK,6
265606326,EGLL,KJFK,3
265606542,LEBL,LEPA,0
265607342,LEBL,LEPA,0
265607606,LPPT,EDDB,0
265607869,EGLL,KJFK,6
265608565,EGLL,KJFK,5
265609257,EGLL,KJFK,6
265609598,EGLL,KJFK,7
265609839,LEBL,LEPA,0
265610265,EGLL,KJFK,2
265610554,LEBL,LEPA,0
265610744,EGLL,KJFK,5
265610962,LEBL,LEPA,0
265611191,LEBL,LEPA,0
265611519,LEBL,LEPA,0
265612104,LEBL,LEPA,0
265612238,LEBL,LEPA,0
265615252,LEBL,LEPA,0
265616436,LEBL,LEPA,0
265616945,LEBL,LEPA,0
265619105,EGLL,KJFK,5
265619194,LEBL,LEPA,0
265619391,LEBL,LEPA,0
265620267,LPPT,EDDB,0
265620563,EGLL,KJFK,7
265622328,EGLL,KJFK,6
265623259,EGLL,KJFK,2
265624409,EGLL,KJFK,3
265624604,LEBL,LEPA,0
265625248,LEBL,LEPA,0
265625879,EGLL,KJFK,7
265627114,EGLL,KJFK,5
265629379,EGLL,KJFK,6
265629666,EGLL,KJFK,5
265629885,LEBL,LEPA,0
265631806,LEBL,LEPA,0
265631899,EGLL,KJFK,6
265632004,EGLL,KJFK,5
265632860,LEBL,LEPA,0
265633161,EGLL,KJFK,3
265634826,LEBL,LEPA,0
265634969,EGLL,KJFK,6
265635182,EGLL,KJFK,5
265635548,LPPT,EDDB,0
265636229,EGLL,KJFK,3
265636511,LEBL,LEPA,0
265636582,LEBL,LEPA,0
265637554,LEBL,LEPA,0
265637726,EGLL,KJFK,7
265638082,EGLL,KJFK,6
265638157,LPPT,EDDB,0
265638877,EGLL,KJFK,5
265639347,LEBL,LEPA,0
265639699,EGLL,KJFK,6
265640624,LEBL,LEPA,0
265640977,EGLL,KJFK,3
265641462,EGLL,KJFK,5
265641556,LEBL,LEPA,0
265641754,LEBL,LEPA,0
265642456,LEBL,LEPA,0
265642602,LEBL,LEPA,0
265643119,LEBL,LEPA,0
265644222,LEBL,LEPA,0
265647255,LEBL,LEPA,0
265648232,LEBL,LEPA,0
265649567,LEBL,LEPA,0
265649769,LEBL,LEPA,0
265650678,EGLL,KJFK,5
265650997,LEBL,LEPA,0
265651146,LEBL,LEPA,0
265652055,LEBL,LEPA,0
265652582,EGLL,KJFK,6
265652812,LPPT,EDDB,0
265654318,EGLL,KJFK,6
265655210,EGLL,KJFK,6
265656670,EGLL,KJFK,3
265656843,LEBL,LEPA,0
265657436,LEBL,LEPA,0
265658167,EGLL,KJFK,6
265658890,EGLL,KJFK,7
265659269,EGLL,KJFK,5
265660747,LPPT,EDDB,0
265661596,EGLL,KJFK,7
265661703,LEBL,LEPA,0
265661929,EGLL,KJFK,5
265662444,LEBL,LEPA,0
265664098,LEBL,LEPA,0
265664309,EGLL,KJFK,6
265664398,EGLL,KJFK,3
265665441,EGLL,KJFK,3
265665921,LEBL,LEPA,0
265667070,LEBL,LEPA,0
265667365,EGLL,KJFK,7
265667507,EGLL,KJFK,5
265668750,LEBL,LEPA,0
265668815,LEBL,LEPA,0
265669851,LEBL,LEPA,0
265669992,EGLL,KJFK,6
265670367,EGLL,KJFK,7
265671203,EGLL,KJFK,7
265671670,LPPT,EDDB,0
265671998,EGLL,KJFK,3
265672434,LEBL,LEPA,0
265672776,LEBL,LEPA,0
265673216,EGLL,KJFK,2
265673751,EGLL,KJFK,5
265673985,LEBL,LEPA,0
265674721,LEBL,LEPA,0
265675022,LEBL,LEPA,0
265675295,LEBL,LEPA,0
265675348,LEBL,LEPA,0
265679573,LEBL,LEPA,0
265680793,LPPT,EDDB,0
265680963,LEBL,LEPA,0
265681527,LEBL,LEPA,0
265682515,LEBL,LEPA,0
265682849,LEBL,LEPA,0
265682936,EGLL,KJFK,5
265683025,LEBL,LEPA,0
265683435,LEBL,LEPA,0
265683802,LEBL,LEPA,0
265684337,LEBL,LEPA,0
265684773,EGLL,KJFK,2
265686556,EGLL,KJFK,2
265687479,EGLL,KJFK,6
265688865,EGLL,KJFK,2
265689063,LEBL,LEPA,0
265689528,LEBL,LEPA,0
265690186,EGLL,KJFK,2
265691011,EGLL,KJFK,2
265692265,EGLL,KJFK,8
265692900,LPPT,EDDB,1
265693719,EGLL,KJFK,8
265693722,EGLL,KJFK,6
265693989,EGLL,KJFK,8
265694071,LEBL,LEPA,0
265696090,LEBL,LEPA,0
265696864,EGLL,KJFK,6
265697015,LEBL,LEPA,0
265697375,EGLL,KJFK,8
265697542,EGLL,KJFK,2
265699192,LEBL,LEPA,0
265699392,EGLL,KJFK,6
265699529,EGLL,KJFK,8
265700547,EGLL,KJFK,2
265700828,LEBL,LEPA,0
265701912,LEBL,LEPA,0
265702088,EGLL,KJFK,2
265702465,EGLL,KJFK,2
265702789,LPPT,EDDB,0
265703309,EGLL,KJFK,8
265703670,LEBL,LEPA,0
265704045,EGLL,KJFK,2
265704424,LEBL,LEPA,0
265704958,LEBL,LEPA,0
265705296,EGLL,KJFK,2
265705769,EGLL,KJFK,7
265706035,LEBL,LEPA,0
265706663,LEBL,LEPA,0
265707309,LEBL,LEPA,0
265711542,LEBL,LEPA,0
265711584,LEBL,LEPA,0
265712512,LEBL,LEPA,0
265714021,LEBL,LEPA,0
265715103,LEBL,LEPA,0
265715281,EGLL,KJFK,8
265715293,LEBL,LEPA,0
265715764,LEBL,LEPA,0
265715835,LPPT,EDDB,0
265716238,LEBL,LEPA,0
265716765,EGLL,KJFK,2
265718599,EGLL,KJFK,2
265719421,EGLL,KJFK,2
265720799,EGLL,KJFK,3
265721055,LEBL,LEPA,0
265721584,LEBL,LEPA,0
265722295,EGLL,KJFK,6
265723123,EGLL,KJFK,2
265723494,EGLL,KJFK,8
265723836,LPPT,EDDB,0
265725856,EGLL,KJFK,6
265726159,LEBL,LEPA,0
265727675,LEBL,LEPA,0
265728374,LEBL,LEPA,0
265728457,EGLL,KJFK,2
265728627,EGLL,KJFK,2
265728806,LEBL,LEPA,0
265729223,LEBL,LEPA,0
265729675,EGLL,KJFK,2
265729905,LEBL,LEPA,0
265731386,LEBL,LEPA,0
265731682,EGLL,KJFK,6
265731759,EGLL,KJFK,2
265732983,LEBL,LEPA,0
265734109,LEBL,LEPA,0
265734137,LPPT,EDDB,0
265734279,EGLL,KJFK,6
265734743,EGLL,KJFK,2
265735572,EGLL,KJFK,8
265736315,EGLL,KJFK,3
265737185,LEBL,LEPA,0
265737598,EGLL,KJFK,2
265738073,EGLL,KJFK,5
265738400,LEBL,LEPA,0
265738964,LEBL,LEPA,0
265739595,LEBL,LEPA,0
265739628,LEBL,LEPA,0
265743896,EGLL,KJFK,0
265743918,LEBL,LEPA,0
265744469,EGLL,KJFK,6
265744700,EGLL,KJFK,6
265745021,LEBL,LEPA,0
265746353,LEBL,LEPA,0
265746656,EGLL,KJFK,3
265747205,LEBL,LEPA,0
265747242,EGLL,KJFK,2
265747299,LEBL,LEPA,0
265747892,LPPT,EDDB,0
265748700,EGLL,KJFK,2
265749168,EGLL,KJFK,2
265751484,EGLL,KJFK,5
265751558,EGLL,KJFK,6
265752546,LEBL,LEPA,0
265753289,EGLL,KJFK,3
265754487,LPPT,EDDB,0
265754896,EGLL,KJFK,2
265755061,LPPT,EDDB,0
265755567,EGLL,KJFK,5
265756853,LEBL,LEPA,0
265756971,LEBL,LEPA,0
265758084,LEBL,LEPA,0
265758812,EGLL,KJFK,3
265758972,EGLL,KJFK,2
265758986,LEBL,LEPA,0
265759615,EGLL,KJFK,5
265759865,LEBL,LEPA,0
265760832,LEBL,LEPA,0
265762301,LEBL,LEPA,0
265763306,LEBL,LEPA,0
265763869,LEBL,LEPA,0
265765173,LEBL,LEPA,0
265765174,EGLL,KJFK,3
265765595,EGLL,KJFK,2
265767256,LEBL,LEPA,0
265768356,LEBL,LEPA,0
265770731,LEBL,LEPA,0
265770992,EGLL,KJFK,3
265771255,EGLL,KJFK,3
265771477,LEBL,LEPA,0
265771758,LEBL,LEPA,0
265771787,EGLL,KJFK,3
265771822,LEBL,LEPA,0
265772014,EGLL,KJFK,3
265772156,LEBL,LEPA,0
265772554,LEBL,LEPA,0
265773280,EGLL,KJFK,2
265775629,EGLL,KJFK,2
265776064,LEBL,LEPA,0
265776844,LEBL,LEPA,0
265778777,EGLL,KJFK,6
265779944,EGLL,KJFK,8
265780526,EGLL,KJFK,2
265780587,LEBL,LEPA,0
265780605,EGLL,KJFK,2
265782443,EGLL,KJFK,2
265783698,LPPT,EDDB,0
265785768,EGLL,KJFK,2
265785955,EGLL,KJFK,5
265787518,EGLL,KJFK,3
265788223,LEBL,LEPA,0
265788947,EGLL,KJFK,0
265789208,LEBL,LEPA,0
265789367,EGLL,KJFK,2
265789399,LPPT,EDDB,0
265791639,LEBL,LEPA,0
265791998,EGLL,KJFK,5
265792393,EGLL,KJFK,8
265792616,LEBL,LEPA,0
265792637,LEBL,LEPA,0
265793926,LEBL,LEPA,0
265795206,LEBL,LEPA,0
265795482,LPPT,EDDB,0
265795483,LEBL,LEPA,0
265795766,LEBL,LEPA,0
265795803,EGLL,KJFK,2
265796057,LEBL,LEPA,0
265796304,LEBL,LEPA,0
265797247,LEBL,LEPA,0
265798041,LEBL,LEPA,0
265798387,EGLL,KJFK,2
265798881,LEBL,LEPA,0
265800135,EGLL,KJFK,2
265801719,LEBL,LEPA,0
265801957,EGLL,KJFK,2
265802616,LEBL,LEPA,0
265803929,LEBL,LEPA,0
265805028,EGLL,KJFK,2
265806297,LEBL,LEPA,0
265806882,EGLL,KJFK,3
265806961,EGLL,KJFK,2
265807182,LEBL,LEPA,0
265808075,LEBL,LEPA,0
265809133,EGLL,KJFK,3
265809707,LEBL,LEPA,0
265809723,EGLL,KJFK,3
265810428,LEBL,LEPA,0
265810483,EGLL,KJFK,6
265810630,LEBL,LEPA,0
265810666,LEBL,LEPA,0
265810768,EGLL,KJFK,3
265810844,LEBL,LEPA,0
265810923,EGLL,KJFK,5
265811245,EGLL,KJFK,3
265811419,EGLL,KJFK,3
265811908,LEBL,LEPA,0
265813029,EGLL,KJFK,3
265813326,EGLL,KJFK,6
265813495,LEBL,LEPA,0
265813828,LPPT,EDDB,0
265814136,EGLL,KJFK,3
265814714,LEBL,LEPA,0
265815013,EGLL,KJFK,5
265815150,LPPT,EDDB,0
265815195,LEBL,LEPA,0
265815422,LEBL,LEPA,0
265815804,LEBL,LEPA,0
265816349,EGLL,KJFK,6
265816490,EGLL,KJFK,3
265817330,LEBL,LEPA,0
265817548,EGLL,KJFK,3
265818189,EGLL,KJFK,6
265820457,LEBL,LEPA,0
265821395,EGLL,KJFK,6
265821816,LEBL,LEPA,0
265822066,LEBL,LEPA,0
265822245,LEBL,LEPA,0
265823393,EGLL,KJFK,3
265824053,LEBL,LEPA,0
265824101,EGLL,KJFK,3
265826270,LEBL,LEPA,0
265826657,LEBL,LEPA,0
265826671,LPPT,EDDB,0
265828237,EGLL,KJFK,5
265829791,LEBL,LEPA,0
265834076,EGLL,KJFK,3
265834817,EGLL,KJFK,3
265834973,EGLL,KJFK,5
265835374,EGLL,KJFK,3
265835506,LEBL,LEPA,0
